{"cameraMode":{"drawMode":0,"name":"Shaded","section":"Shading Mode"},"sceneLighting":true,"audioPlay":false,"sceneViewState":{"showFog":true,"showMaterialUpdate":false,"showSkybox":true,"showFlares":true,"showImageEffects":true,"showParticleSystems":true,"showVisualEffectGraphs":true,"m_FxEnabled":true},"in2DMode":false,"pivot":{"x":439.5566101074219,"y":271.7215881347656,"z":-81.37183380126953},"rotation":{"x":-0.002419611206278205,"y":-0.9936415553092957,"z":0.11044615507125855,"w":-0.021768027916550638},"size":156.00729370117188,"orthographic":false}