{"cameraMode":{"drawMode":0,"name":"Shaded","section":"Shading Mode"},"sceneLighting":true,"audioPlay":false,"sceneViewState":{"showFog":true,"showMaterialUpdate":false,"showSkybox":false,"showFlares":true,"showImageEffects":true,"showParticleSystems":true,"showVisualEffectGraphs":true,"m_FxEnabled":false},"in2DMode":false,"pivot":{"x":-1.8233267068862916,"y":3.4508798122406008,"z":2.008268356323242},"rotation":{"x":0.0018234900198876858,"y":0.7936558723449707,"z":-0.608365535736084,"w":0.0023822560906410219},"size":6.582085609436035,"orthographic":false}