{"cameraMode":{"drawMode":0,"name":"Shaded","section":"Shading Mode"},"sceneLighting":true,"audioPlay":false,"sceneViewState":{"showFog":true,"showMaterialUpdate":false,"showSkybox":false,"showFlares":true,"showImageEffects":true,"showParticleSystems":true,"showVisualEffectGraphs":true,"m_FxEnabled":false},"in2DMode":false,"pivot":{"x":-1.5985305309295655,"y":0.33749139308929446,"z":-0.3202192187309265},"rotation":{"x":-0.017944375053048135,"y":0.8354364037513733,"z":-0.5486668348312378,"w":-0.02732810750603676},"size":0.5551108121871948,"orthographic":false}