{"cameraMode":{"drawMode":0,"name":"Shaded","section":"Shading Mode"},"sceneLighting":true,"audioPlay":false,"sceneViewState":{"showFog":true,"showMaterialUpdate":false,"showSkybox":false,"showFlares":true,"showImageEffects":true,"showParticleSystems":true,"showVisualEffectGraphs":true,"m_FxEnabled":false},"in2DMode":false,"pivot":{"x":-1.662177562713623,"y":6.278725624084473,"z":-1.9438543319702149},"rotation":{"x":0.0026755565777420999,"y":-0.9937296509742737,"z":0.10925072431564331,"w":0.024444229900836946},"size":2.4175620079040529,"orthographic":false}