{"cameraMode":{"drawMode":0,"name":"Shaded","section":"Shading Mode"},"sceneLighting":true,"audioPlay":false,"sceneViewState":{"showFog":true,"showMaterialUpdate":false,"showSkybox":true,"showFlares":true,"showImageEffects":true,"showParticleSystems":true,"showVisualEffectGraphs":true,"m_FxEnabled":true},"in2DMode":false,"pivot":{"x":491.04998779296877,"y":13.489999771118164,"z":-75.91000366210938},"rotation":{"x":0.010523585602641106,"y":0.8693188428878784,"z":-0.49383318424224856,"w":0.018520789220929147},"size":129.3484649658203,"orthographic":false}