{"cameraMode":{"drawMode":0,"name":"Shaded","section":"Shading Mode"},"sceneLighting":true,"audioPlay":false,"sceneViewState":{"showFog":true,"showMaterialUpdate":false,"showSkybox":true,"showFlares":true,"showImageEffects":true,"showParticleSystems":true,"showVisualEffectGraphs":true,"m_FxEnabled":true},"in2DMode":false,"pivot":{"x":-1.587937831878662,"y":-0.03521585464477539,"z":0.2805812358856201},"rotation":{"x":-0.000729651132132858,"y":-0.7775216102600098,"z":0.6288803219795227,"w":-0.0009433455998077989},"size":2.7939741611480715,"orthographic":false}